Setmana,Data_Inici,Data_Fi,Cicle,Fase,Q_Series,Q_Durada_Serie_min,Q_Ritme_min_km,Q_Rec_min,Q_FC_min,Q_FC_max,Q_Km_Plan,Z2_Durada_min,Z2_Ritme_min_km_min,Z2_Ritme_min_km_max,Z2_FC_min,Z2_FC_max,Z2_Km_Plan,LL_Tipus,LL_Durada_min,LL_Km_Plan,Forca_Plan,Padel_Plan,Km_Total_Plan
S12,2026-03-23,2026-03-29,Construcció,Acumulació,3,6,5.83,2.0,164,170,6.5,45,7.75,8.0,135,145,5.7,Z2 continu o Trail suau,70,8.5,S1,S,20.7
S13,2026-03-30,2026-04-05,Construcció,Acumulació,2,10,5.92,2.5,164,170,7.0,50,7.75,8.0,135,145,6.3,Z2 continu o Trail suau,75,9.0,S2,S,22.3
S14,2026-04-06,2026-04-12,Construcció,Acumulació,3,8,5.83,2.0,164,170,7.5,50,7.75,8.0,135,145,6.3,Z2 continu o Trail suau,80,9.5,S3,S,23.3
S15,2026-04-13,2026-04-19,Construcció,Descàrrega,2,8,5.92,2.0,162,168,6.0,40,7.75,8.0,135,145,5.0,Z2 pla i molt fàcil,60,7.5,S5,S,18.5
S16,2026-04-20,2026-04-26,Construcció,Extensió,2,12,5.92,3.0,164,170,7.5,50,7.75,8.0,135,145,6.3,Z2 continu o Trail suau,85,10.0,S1,S,23.8
S17,2026-04-27,2026-05-03,Construcció,Extensió,3,10,5.92,2.5,164,170,8.0,55,7.75,8.0,135,145,7.0,Z2 continu o Trail suau,90,11.0,S2,S,26.0
S18,2026-05-04,2026-05-10,Construcció,Extensió,2,15,5.92,3.0,164,170,8.5,55,7.75,8.0,135,145,7.0,Z2 continu o Trail suau,95,11.5,S3,S,27.0
S19,2026-05-11,2026-05-17,Construcció,Descàrrega,2,10,5.92,2.0,162,168,6.5,40,7.75,8.0,135,145,5.0,Z2 pla i molt fàcil,65,8.0,S5,S,19.5
S20,2026-05-18,2026-05-24,Construcció,Consolidació,1,20,5.97,0.0,165,170,8.0,60,7.75,8.0,135,145,7.6,Z2 continu o Trail suau,100,12.0,S1 o S2,S,27.6
S21,2026-05-25,2026-05-31,Construcció,Consolidació,2,15,5.92,3.0,164,170,8.5,60,7.75,8.0,135,145,7.6,Z2 continu o Trail suau,105,13.5,S3,S,29.6
S22,2026-06-01,2026-06-07,BASE,Competició,1,20,,0.0,168,176,7.6,45,6.95,7.35,135,145,6.3,Z2 estable,80,10.8,S1,,24.7
S23,2026-06-08,2026-06-14,BASE,Acumulació,2,8,5.35,2.0,166,172,6.6,40,6.55,6.95,141,156,6.0,Z2 fàcil,70,10.0,S5,,22.6
S24,2026-06-15,2026-06-21,BASE,Acumulació,3,8,5.3,2.0,166,172,7.6,50,6.5,6.9,141,156,7.2,Z2 estable,85,12.0,S2,,26.8
S25,2026-06-22,2026-06-28,BASE,Descàrrega,2,10,5.35,2.5,165,171,7.0,40,6.6,7.0,141,156,5.8,Z2 fàcil,75,10.5,S5,,23.3
S26,2026-06-29,2026-07-05,BASE,Extensió,3,10,5.28,2.5,166,172,8.2,55,6.45,6.85,141,156,8.2,Z2 estable,90,12.8,S2,,29.2
S27,2026-07-06,2026-07-12,BASE,Extensió,2,12,5.25,3.0,166,172,8.5,55,6.4,6.8,141,156,8.3,Z2 estable,95,13.2,S3,,30.0
S28,2026-07-13,2026-07-19,BASE,Consolidació,2,12,5.22,3.0,166,172,8.7,55,6.4,6.8,141,156,8.3,Z2 estable,90,12.8,S3,,29.8
S34,2026-08-17,2026-08-23,BASE,Acumulació,,,,,,,,70,6.75,7.50,141,156,10,Z2,45,6.5,2,,16.5
S35,2026-08-24,2026-08-30,BASE,Acumulació,,,,,,,,80,6.75,7.50,141,156,11.5,Z2,50,7.1,2,,18.6
S36,2026-08-31,2026-09-06,BASE,Acumulació,,,,,,,,85,6.75,7.50,141,156,12.1,Z2,60,8.5,2,,20.6
S37,2026-09-07,2026-09-13,BASE,Extensió,2,10,,3,157,170,6,45,6.75,7.50,141,156,6.5,Z2,65,9.3,2,,21.8
S38,2026-09-14,2026-09-20,BASE,Extensió,3,8,,2,157,170,6.5,45,6.75,7.50,141,156,6.5,Z2,70,10,2,,23.0
S39,2026-09-21,2026-09-27,RECUPERACIÓ,Descàrrega,,,,,,,,,,,,,,,,,,,
S40,2026-09-28,2026-10-04,RECUPERACIÓ,Descàrrega,,,,,,,,,,,,,,,,,,,
S41,2026-10-05,2026-10-11,BASE,Recuperació,,,,,,,,50,6.75,7.50,141,156,7,Z2,50,7.2,1,,14.2
S42,2026-10-12,2026-10-18,BASE,Recuperació,,,,,,,,65,6.75,7.50,141,156,9.2,Z2,60,8.6,1,,17.8
S43,2026-10-19,2026-10-25,BASE,Acumulació,,,,,,,,,,,,,,,,,,,
S44,2026-10-26,2026-11-01,BASE,Acumulació,,,,,,,,,,,,,,,,,,,
S45,2026-11-02,2026-11-08,BASE,Extensió,,,,,,,,,,,,,,,,,,,
S46,2026-11-09,2026-11-15,RECUPERACIÓ,Descàrrega,,,,,,,,,,,,,,,,,,,
S47,2026-11-16,2026-11-22,CONSTRUCCIÓ,Acumulació,,,,,,,,,,,,,,,,,,,
S48,2026-11-23,2026-11-29,CONSTRUCCIÓ,Extensió,,,,,,,,,,,,,,,,,,,
S49,2026-11-30,2026-12-06,CONSTRUCCIÓ,Extensió,,,,,,,,,,,,,,,,,,,
S50,2026-12-07,2026-12-13,RECUPERACIÓ,Descàrrega,,,,,,,,,,,,,,,,,,,
S51,2026-12-14,2026-12-20,CONSTRUCCIÓ,Consolidació,,,,,,,,,,,,,,,,,,,
S52,2026-12-21,2026-12-27,CONSTRUCCIÓ,Consolidació,,,,,,,,,,,,,,,,,,,
S53,2026-12-28,2027-01-03,PIC,Consolidació,,,,,,,,,,,,,,,,,,,
S01,2027-01-04,2027-01-10,PIC,Consolidació,,,,,,,,,,,,,,,,,,,
S02,2027-01-11,2027-01-17,RECUPERACIÓ,Descàrrega,,,,,,,,,,,,,,,,,,,
S03,2027-01-18,2027-01-24,COMPETICIÓ,Competició,,,,,,,,,,,,,,,,,,,
